Country,ISO3,citizen,sex,2015,2016,2017,2018,2019,2020,2021,2022,2023,2024
Austria,AUT,EU28_FOR,F,288028,310759,329981,348012,365125,383295,,,,
Belgium,BEL,EU28_FOR,F,416232,428008,434889,440355,448655,457258,,,,
Switzerland,CHE,EU28_FOR,F,594052,610566,622893,630371,637330,645916,,,,
Cyprus,CYP,EU28_FOR,F,55730,57716,57673,59787,63044,62935,,,,
Czechia,CZE,EU28_FOR,F,72465,76736,81670,86132,91296,96186,,,,
Germany,DEU,EU28_FOR,F,1616076,1756111,1846714,1939311,2018429,2060561,,,,
Denmark,DNK,EU28_FOR,F,80174,86819,92264,97063,101895,105453,,,,
Estonia,EST,EU28_FOR,F,5435,5842,6230,7086,7797,7630,,,,
Spain,ESP,EU28_FOR,F,924739,914390,908252,908457,920475,942445,,,,
Finland,FIN,EU28_FOR,F,40147,41685,42606,42630,43096,43321,,,,
France,FRA,EU28_FOR,F,735949,748699,767095,775027,780696,778811,,,,
Croatia,HRV,EU28_FOR,F,4037,3960,3887,3817,3655,3528,,,,
Hungary,HUN,EU28_FOR,F,34127,35807,33112,31942,30649,33567,,,,
Ireland,IRL,EU28_FOR,F,207529,210131,213216,213245,215407,217547,,,,
Iceland,ISL,EU28_FOR,F,9238,9952,10816,12814,14718,16253,,,,
Italy,ITA,EU28_FOR,F,829513,867705,876677,883543,886752,889130,,,,
Liechtenstein,LIE,EU28_FOR,F,3195,3262,3289,3336,3383,3422,,,,
Lithuania,LTU,EU28_FOR,F,890,710,612,531,529,539,,,,
Luxembourg,LUX,EU28_FOR,F,107951,111504,115383,117180,117783,118359,,,,
Latvia,LVA,EU28_FOR,F,2778,2321,2276,2400,2487,2478,,,,
Malta,MLT,EU28_FOR,F,8790,10878,13303,18551,19258,21760,,,,
Netherlands,NLD,EU28_FOR,F,216863,230672,245677,263297,282926,305546,,,,
Norway,NOR,EU28_FOR,F,133613,140778,144409,147207,151021,,,,,
Poland,POL,EU28_FOR,F,9389,8045,9324,8628,8820,9706,,,,
Portugal,PRT,EU28_FOR,F,47294,49718,55696,63914,73923,83473,,,,
Romania,ROU,EU28_FOR,F,7437,10551,12743,14280,15999,18482,,,,
Sweden,SWE,EU28_FOR,F,138985,141847,143749,146320,147329,147687,,,,
Slovenia,SVN,EU28_FOR,F,6239,6475,6838,7192,7708,8065,,,,
Slovakia,SVK,EU28_FOR,F,16905,17932,18931,19807,20674,21403,,,,
Turkey,TUR,EU28_FOR,F,69815,75713,77664,72510,77569,89513,,,,
Austria,AUT,EU28_FOR,M,282270,305642,325543,345843,365084,385302,,,,
Belgium,BEL,EU28_FOR,M,436052,447870,455499,462351,472210,482707,,,,
Switzerland,CHE,EU28_FOR,M,728793,746991,759966,766642,774414,784281,,,,
Cyprus,CYP,EU28_FOR,M,50627,51411,52973,54749,54756,55866,,,,
Czechia,CZE,EU28_FOR,M,111865,118702,126592,133218,141215,148814,,,,
Germany,DEU,EU28_FOR,M,1859416,2044933,2138451,2265883,2365265,2393857,,,,
Denmark,DNK,EU28_FOR,M,93021,102556,110122,116402,122683,124992,,,,
Estonia,EST,EU28_FOR,M,8900,9530,10226,11804,13094,13253,,,,
Spain,ESP,EU28_FOR,M,969567,949432,936546,926609,934110,951857,,,,
Finland,FIN,EU28_FOR,M,50031,52517,54605,55582,56661,57751,,,,
France,FRA,EU28_FOR,M,763278,775020,789535,794664,796335,794859,,,,
Croatia,HRV,EU28_FOR,M,2944,3134,3160,3109,2981,2942,,,,
Hungary,HUN,EU28_FOR,M,46631,49336,46213,46056,43617,47493,,,,
Ireland,IRL,EU28_FOR,M,205083,207853,210040,209971,213807,215124,,,,
Iceland,ISL,EU28_FOR,M,10557,11875,14334,19135,22793,25373,,,,
Italy,ITA,EU28_FOR,M,566568,596005,599907,605630,613952,615391,,,,
Liechtenstein,LIE,EU28_FOR,M,3354,3426,3450,3510,3537,3583,,,,
Lithuania,LTU,EU28_FOR,M,1520,1340,1095,928,910,919,,,,
Luxembourg,LUX,EU28_FOR,M,114241,118002,124907,127220,128270,129519,,,,
Latvia,LVA,EU28_FOR,M,4027,3653,3661,3792,3946,4112,,,,
Malta,MLT,EU28_FOR,M,9648,11949,14924,20324,23883,26498,,,,
Netherlands,NLD,EU28_FOR,M,214071,228033,243442,262329,284798,311086,,,,
Norway,NOR,EU28_FOR,M,194308,202307,204138,205838,209050,,,,,
Poland,POL,EU28_FOR,M,20573,17046,20123,21470,22824,26892,,,,
Portugal,PRT,EU28_FOR,M,52412,54992,61919,72423,84432,95904,,,,
Romania,ROU,EU28_FOR,M,26366,37479,40799,42452,44266,45109,,,,
Sweden,SWE,EU28_FOR,M,156983,162141,166769,171943,174635,174637,,,,
Slovenia,SVN,EU28_FOR,M,10926,11122,11882,12348,12992,13458,,,,
Slovakia,SVK,EU28_FOR,M,30297,32508,34580,36142,37634,38908,,,,
Turkey,TUR,EU28_FOR,M,62897,68243,70559,65984,71155,83476,,,,
Austria,AUT,EU28_FOR,T,570298,616401,655524,693855,730209,768597,,,,
Belgium,BEL,EU28_FOR,T,852284,875878,890388,902706,920865,939965,,,,
Switzerland,CHE,EU28_FOR,T,1322845,1357557,1382859,1397013,1411744,1430197,,,,
Cyprus,CYP,EU28_FOR,T,106357,109127,110646,114536,117800,118801,,,,
Czechia,CZE,EU28_FOR,T,184330,195438,208262,219350,232511,245000,,,,
Germany,DEU,EU28_FOR,T,3475492,3801044,3985165,4205194,4383694,4454418,,,,
Denmark,DNK,EU28_FOR,T,173195,189375,202386,213465,224578,230445,,,,
Estonia,EST,EU28_FOR,T,14335,15372,16456,18890,20891,20883,,,,
Spain,ESP,EU28_FOR,T,1894306,1863822,1844798,1835066,1854585,1894302,,,,
Finland,FIN,EU28_FOR,T,90178,94202,97211,98212,99757,101072,,,,
France,FRA,EU28_FOR,T,1499227,1523719,1556630,1569691,1577031,1573670,,,,
Croatia,HRV,EU28_FOR,T,6981,7094,7047,6926,6636,6470,,,,
Hungary,HUN,EU28_FOR,T,80758,85143,79325,77998,74266,81060,,,,
Ireland,IRL,EU28_FOR,T,412612,417984,423256,423216,429214,432671,,,,
Iceland,ISL,EU28_FOR,T,19795,21827,25150,31949,37511,41626,,,,
Italy,ITA,EU28_FOR,T,1396081,1463710,1476584,1489173,1500704,1504521,,,,
Liechtenstein,LIE,EU28_FOR,T,6549,6688,6739,6846,6920,7005,,,,
Lithuania,LTU,EU28_FOR,T,2410,2050,1707,1459,1439,1458,,,,
Luxembourg,LUX,EU28_FOR,T,222192,229506,240290,244400,246053,247878,,,,
Latvia,LVA,EU28_FOR,T,6805,5974,5937,6192,6433,6590,,,,
Malta,MLT,EU28_FOR,T,18438,22827,28227,38875,43141,48258,,,,
Netherlands,NLD,EU28_FOR,T,430934,458705,489119,525626,567724,616632,,,,
Norway,NOR,EU28_FOR,T,327921,343085,348547,353045,360071,,,,,
Poland,POL,EU28_FOR,T,29962,25091,29447,30098,31644,36598,,,,
Portugal,PRT,EU28_FOR,T,99706,104710,117615,136337,158355,179377,,,,
Romania,ROU,EU28_FOR,T,33803,48030,53542,56732,60265,63591,,,,
Sweden,SWE,EU28_FOR,T,295968,303988,310518,318263,321964,322324,,,,
Slovenia,SVN,EU28_FOR,T,17165,17597,18720,19540,20700,21523,,,,
Slovakia,SVK,EU28_FOR,T,47202,50440,53511,55949,58308,60311,,,,
Turkey,TUR,EU28_FOR,T,132712,143956,148223,138494,148724,172989,,,,
Austria,AUT,NAT,F,3818840,3812853,3809500,3803960,3798472,3793909,3785435,3779283,3768901,3759205
Belgium,BEL,NAT,F,5087521,5093067,5101539,5111103,5118396,5129749,5130103,5141813,5151568,5166285
Bulgaria,BGR,NAT,F,3588456,3540948,3496277,3448925,3399956,3349366,3328331,3331528,3307891,3290231
Switzerland,CHE,NAT,F,3225369,3243134,3261194,3279200,3296630,3311802,3323850,3340015,3351137,3362792
Cyprus,CYP,NAT,F,352114,355357,358511,361499,362959,366162,368987,370963,369347,371694
Czechia,CZE,NAT,F,5164821,5162453,5157768,5166723,5165918,5172487,5102229,5092639,5089449,5080495
Germany,DEU,NAT,F,37702521,37613748,37514010,37417038,37317231,37228015,37120239,36999286,36678390,36524287
Denmark,DNK,NAT,F,2637096,2640008,2649782,2655613,2657991,2660442,2668057,2673313,2673510,2673779
Estonia,EST,NAT,F,603207,602421,602477,602662,603557,604324,604049,603138,602516,601620
Spain,ESP,NAT,F,21423187,21439750,21487084,21481810,21486980,21496278,21463559,21459130,21473559,21544520
Finland,FIN,NAT,F,2676792,2678405,2678630,2679838,2677177,2675430,2673727,2671910,2665908,2660906
France,FRA,NAT,F,32080080,32126018,32201449,32135712,32217067,32236839,32291426,32379018,32365110,32241575
Croatia,HRV,NAT,F,2156063,2132700,2108786,2078020,2052396,2029346,2006447,1984179,1960153,1942305
Hungary,HUN,NAT,F,5064217,5032262,5010103,4986001,4964253,4942592,4922213,4894579,4874759,4852518
Ireland,IRL,NAT,F,2096566,2113540,2140010,2158148,2187792,2209973,2233904,2274553,2280509,2289258
Iceland,ISL,NAT,F,152218,152777,153732,154921,155871,156863,158091,159907,160376,159434
Italy,ITA,NAT,F,28502891,28416843,28353665,28236011,28103605,27983433,27722737,27648663,27558567,27473494
Liechtenstein,LIE,NAT,F,12582,12604,12682,12781,12839,12905,12968,13064,13170,13267
Lithuania,LTU,NAT,F,1570481,1554534,1535286,1517240,1507800,1501028,1496615,1488535,1480495,1474354
Luxembourg,LUX,NAT,F,154944,156355,157238,159467,163722,167376,170248,173216,176276,179697
Latvia,LVA,NAT,F,915456,910648,905305,899920,894562,890337,886026,879303,873077,868277
Malta,MLT,NAT,F,201051,201289,201580,201822,202012,202161,202346,202458,202973,203157
Netherlands,NLD,NAT,F,8099631,8109182,8121847,8134492,8147017,8166390,8191173,8217436,8232144,8248690
Norway,NOR,NAT,F,2334393,2344347,2354664,2368524,2375047,2383632,2396446,2421749,2440699,2459127
Poland,POL,NAT,F,19557703,19523888,19505634,19493817,19471577,19436471,18921182,18836332,18775396,18712716
Portugal,PRT,NAT,F,5272148,5263850,5246572,5235895,5212883,5191352,5160606,5144906,5117735,5060598
Romania,ROU,NAT,F,10134344,10077133,10004901,9941613,9874060,9822121,9766778,,9708821,9709845
Sweden,SWE,NAT,F,4525679,4554393,4590516,4628194,4662577,4700938,4740198,4786740,4828909,4852748
Slovenia,SVN,NAT,F,1006465,1003560,1000646,996820,994889,992496,991297,988217,984067,980707
Slovakia,SVK,NAT,F,2755476,2755264,2757413,2759143,2760616,2762727,2762223,2751757,2748143,2745204
Turkey,TUR,NAT,F,38438339,38889701,39351737,39806772,40254419,40680572,,,41653729,41830435
Austria,AUT,NAT,M,3620008,3619944,3621435,3622427,3621380,3620932,3616157,3612937,3606051,3598679
Belgium,BEL,NAT,M,4872850,4884807,4896413,4911054,4923373,4939372,4945805,4960944,4975630,4992918
Bulgaria,BGR,NAT,M,3374852,3322164,3271558,3219786,3165048,3108223,3082002,3085543,3054556,3032564
Switzerland,CHE,NAT,M,3013838,3035325,3057210,3078538,3099622,3118856,3135662,3154595,3168225,3182178
Cyprus,CYP,NAT,M,342625,345694,348334,351972,357330,360838,361459,363681,360277,362686
Czechia,CZE,NAT,M,4916129,4915044,4910209,4927909,4926424,4934806,4904075,4885831,4882992,4874500
Germany,DEU,NAT,M,35955242,35909978,35787654,35696445,35612690,35540674,35449739,35344785,34944976,34822770
Denmark,DNK,NAT,M,2600060,2604096,2614001,2619585,2622192,2625199,2632494,2637859,2637977,2637476
Estonia,EST,NAT,M,513980,515272,516669,519008,521733,524235,524767,525275,525871,525692
Spain,ESP,NAT,M,20548550,20559800,20592656,20585938,20581209,20580494,20534537,20518579,20522182,20572893
Finland,FIN,NAT,M,2575286,2579138,2581028,2583840,2583170,2582233,2581149,2579867,2574376,2569972
France,FRA,NAT,M,29946697,29967580,30002698,29939795,30031233,30063207,30134632,30254646,30283377,30197275
Croatia,HRV,NAT,M,1999070,1972750,1944665,1911331,1891693,1879072,1860134,1842034,1820361,1804282
Hungary,HUN,NAT,M,4605673,4590784,4578622,4565845,4555246,4546827,4534757,4513299,4498718,4481197
Ireland,IRL,NAT,M,2048865,2066696,2093325,2114166,2139940,2161091,2188748,2221790,2231795,2243867
Iceland,ISL,NAT,M,152588,153267,154342,155699,156850,157878,159368,161339,162305,160623
Italy,ITA,NAT,M,26957361,26915827,26894436,26818307,26716910,26618418,26341582,26350754,26297293,26244078
Liechtenstein,LIE,NAT,M,12205,12243,12333,12392,12482,12580,12620,12717,12873,13027
Lithuania,LTU,NAT,M,1334664,1320765,1303987,1288978,1283218,1287331,1294145,1283153,1278411,1275492
Luxembourg,LUX,NAT,M,149335,150719,151932,154304,158708,162267,165056,168014,171126,174675
Latvia,LVA,NAT,M,772207,769363,765365,761928,758781,756933,754756,751444,748131,745561
Malta,MLT,NAT,M,198581,199066,199659,200118,200486,200779,201117,201336,201702,201918
Netherlands,NLD,NAT,M,7953826,7969437,7987362,8005787,8024287,8048886,8081277,8116990,8133796,8150155
Norway,NOR,NAT,M,2319255,2331415,2344435,2359326,2368932,2379432,2393356,2417511,2437401,2457682
Poland,POL,NAT,M,18333348,18287788,18251090,18237789,18211484,18163428,17701870,17608919,17539494,17475192
Portugal,PRT,NAT,M,4756104,4743743,4727826,4711932,4678750,4663556,4637897,4632864,4613835,4533730
Romania,ROU,NAT,M,9647504,9576217,9524646,9477515,9419122,9366639,9290267,,9133261,9125073
Sweden,SWE,NAT,M,4482241,4513791,4552688,4594712,4635342,4686071,4733774,4784760,4827391,4854864
Slovenia,SVN,NAT,M,954877,952862,950811,948185,947826,947014,949029,946521,943109,939969
Slovakia,SVK,NAT,M,2604107,2605148,2608235,2611094,2613689,2616210,2615483,2619889,2616397,2613497
Turkey,TUR,NAT,M,38739286,39201044,39646724,40084692,40538429,40943245,,,41801988,41971399
Austria,AUT,NAT,T,7438848,7432797,7430935,7426387,7419852,7414841,7401592,7392220,7374952,7357884
Belgium,BEL,NAT,T,9960371,9977874,9997952,10022157,10041769,10069121,10075908,10102757,10127198,10159203
Bulgaria,BGR,NAT,T,6963308,6863112,6767835,6668711,6565004,6457589,6410333,6417071,6362447,6322795
Switzerland,CHE,NAT,T,6239207,6278459,6318404,6357738,6396252,6430658,6459512,6494610,6519362,6544970
Cyprus,CYP,NAT,T,694739,701051,706845,713471,720289,727000,730446,734644,729624,734380
Czechia,CZE,NAT,T,10080950,10077497,10067977,10094632,10092342,10107293,10006304,9978470,9972441,9954995
Germany,DEU,NAT,T,73657763,73523726,73301664,73113483,72929921,72768689,72569978,72344071,71623366,71347057
Denmark,DNK,NAT,T,5237156,5244104,5263783,5275198,5280183,5285641,5300551,5311172,5311487,5311255
Estonia,EST,NAT,T,1117187,1117693,1119146,1121670,1125290,1128559,1128816,1128413,1128387,1127312
Spain,ESP,NAT,T,41971737,41999550,42079740,42067748,42068189,42076772,41998096,41977709,41995741,42117413
Finland,FIN,NAT,T,5252078,5257543,5259658,5263678,5260347,5257663,5254876,5251777,5240284,5230878
France,FRA,NAT,T,62026777,62093598,62204147,62075507,62248300,62300046,62426058,62633664,62648487,62438850
Croatia,HRV,NAT,T,4155133,4105450,4053451,3989351,3944089,3908418,3866581,3826213,3780514,3746587
Hungary,HUN,NAT,T,9669890,9623046,9588725,9551846,9519499,9489419,9456970,9407878,9373477,9333715
Ireland,IRL,NAT,T,4145431,4180236,4233335,4272314,4327732,4371064,4422652,4496343,4512304,4533125
Iceland,ISL,NAT,T,304806,306044,308074,310620,312721,314741,317459,321246,322681,320057
Italy,ITA,NAT,T,55460252,55332670,55248101,55054318,54820515,54601851,54064319,53999417,53855860,53717572
Liechtenstein,LIE,NAT,T,24787,24847,25015,25173,25321,25485,25588,25781,26043,26294
Lithuania,LTU,NAT,T,2905145,2875299,2839273,2806218,2791018,2788359,2790760,2771688,2758906,2749846
Luxembourg,LUX,NAT,T,304279,307074,309170,313771,322430,329643,335304,341230,347402,354372
Latvia,LVA,NAT,T,1687663,1680011,1670670,1661848,1653343,1647270,1640782,1630747,1621208,1613838
Malta,MLT,NAT,T,399632,400355,401239,401940,402498,402940,403463,403794,404675,405075
Netherlands,NLD,NAT,T,16053457,16078619,16109209,16140279,16171304,16215276,16272450,16334426,16365940,16398845
Norway,NOR,NAT,T,4653648,4675762,4699099,4727850,4743979,4763064,4789802,4839260,4878100,4916809
Poland,POL,NAT,T,37891051,37811676,37756724,37731606,37683061,37599899,36623052,36445251,36314890,36187908
Portugal,PRT,NAT,T,10028252,10007593,9974398,9947827,9891633,9854908,9798503,9777770,9731570,9594328
Romania,ROU,NAT,T,19781848,19653350,19529547,19419128,19293182,19188760,19057045,,18842082,18834918
Sweden,SWE,NAT,T,9007920,9068184,9143204,9222906,9297919,9387009,9473972,9571500,9656300,9707612
Slovenia,SVN,NAT,T,1961342,1956422,1951457,1945005,1942715,1939510,1940326,1934738,1927176,1920676
Slovakia,SVK,NAT,T,5359583,5360412,5365648,5370237,5374305,5378937,5377706,5371646,5364540,5358701
Turkey,TUR,NAT,T,77177625,78090745,78998461,79891464,80792848,81623817,,,83455717,83801834
Austria,AUT,NEU28_FOR,F,273598,299346,315126,325235,330709,337247,,,,
Belgium,BEL,NEU28_FOR,F,207261,217894,222288,227643,236805,246204,,,,
Switzerland,CHE,NEU28_FOR,F,343734,351194,361105,367181,372459,378428,,,,
Cyprus,CYP,NEU28_FOR,F,23908,19131,18581,20651,22065,24437,,,,
Czechia,CZE,NEU28_FOR,F,124062,128324,138694,137408,148392,153270,,,,
Germany,DEU,NEU28_FOR,F,2040047,2287929,2459780,2588147,2712507,2836155,,,,
Denmark,DNK,NEU28_FOR,F,129157,139621,143129,148448,153342,156011,,,,
Estonia,EST,NEU28_FOR,F,91491,90689,89321,88156,87654,87493,,,,
Spain,ESP,NEU28_FOR,F,1254552,1257713,1270247,1364400,1493723,1667537,,,,
Finland,FIN,NEU28_FOR,F,62300,64764,68679,70444,73270,77154,,,,
France,FRA,NEU28_FOR,F,1467866,1516288,1526920,1701255,1741369,1813020,,,,
Croatia,HRV,NEU28_FOR,F,8884,8722,8511,8360,8205,8163,,,,
Hungary,HUN,NEU28_FOR,F,29917,32931,32720,36869,44363,49189,,,,
Ireland,IRL,NEU28_FOR,F,58979,61916,70751,79721,90034,103117,,,,
Iceland,ISL,NEU28_FOR,F,2405,2483,2733,3084,3545,4059,,,,
Italy,ITA,NEU28_FOR,F,1734563,1685680,1657347,1661545,1694847,1718571,,,,
Liechtenstein,LIE,NEU28_FOR,F,3036,3095,3093,3107,3131,3205,,,,
Lithuania,LTU,NEU28_FOR,F,7662,7467,7429,7420,7815,8090,,,,
Luxembourg,LUX,NEU28_FOR,F,18058,19168,21212,22593,23490,25240,,,,
Latvia,LVA,NEU28_FOR,F,156567,151605,146766,142333,137929,133824,,,,
Malta,MLT,NEU28_FOR,F,8469,10960,12749,13726,19517,24375,,,,
Netherlands,NLD,NEU28_FOR,F,177864,190288,209324,229093,247622,268259,,,,
Norway,NOR,NEU28_FOR,F,98119,102661,108710,110055,115753,,,,,
Poland,POL,NEU28_FOR,F,39281,56772,78749,92537,111766,138307,,,,
Portugal,PRT,NEU28_FOR,F,141007,135521,134274,133318,148065,173566,,,,
Romania,ROU,NEU28_FOR,F,21678,23049,24095,22597,23813,27443,,,,
Sweden,SWE,NEU28_FOR,F,198863,210489,232074,247592,263553,269452,,,,
Slovenia,SVN,NEU28_FOR,F,27941,30820,33286,35827,39655,44234,,,,
Slovakia,SVK,NEU28_FOR,F,6092,6426,6768,7110,7508,7847,,,,
Turkey,TUR,NEU28_FOR,F,202231,263630,341183,395953,531754,663590,,,,
Austria,AUT,NEU28_FOR,M,292772,340299,358081,362217,361764,363354,,,,
Belgium,BEL,NEU28_FOR,M,212561,232933,232820,234792,241522,250392,,,,
Switzerland,CHE,NEU28_FOR,M,330340,338110,354947,359885,361713,364321,,,,
Cyprus,CYP,NEU28_FOR,M,14334,11348,11157,13981,15745,17767,,,,
Czechia,CZE,NEU28_FOR,M,148931,152583,163885,158664,176555,188376,,,,
Germany,DEU,NEU28_FOR,M,2015274,2552721,2763921,2874121,2981597,3096089,,,,
Denmark,DNK,NEU28_FOR,M,115223,127571,131861,136089,139651,141994,,,,
Estonia,EST,NEU28_FOR,M,91785,91577,90567,90114,90613,91298,,,,
Spain,ESP,NEU28_FOR,M,1303776,1296276,1300815,1375782,1499917,1676565,,,,
Finland,FIN,NEU28_FOR,M,65492,68372,75078,78047,81786,86602,,,,
France,FRA,NEU28_FOR,M,1464283,1504786,1522119,1679771,1723771,1786915,,,,
Croatia,HRV,NEU28_FOR,M,7565,7741,7890,8102,8427,9402,,,,
Hungary,HUN,NEU28_FOR,M,34904,38131,38694,46549,61782,69345,,,,
Ireland,IRL,NEU28_FOR,M,58036,62793,71406,80000,92812,105218,,,,
Iceland,ISL,NEU28_FOR,M,1963,2052,2307,2728,3165,3654,,,,
Italy,ITA,NEU28_FOR,M,1704155,1680773,1683891,1732305,1800024,1816007,,,,
Liechtenstein,LIE,NEU28_FOR,M,2992,2989,2963,2988,3006,3052,,,,
Lithuania,LTU,NEU28_FOR,M,9248,8880,8868,9455,10420,10629,,,,
Luxembourg,LUX,NEU28_FOR,M,18371,20450,19583,20845,21540,22970,,,,
Latvia,LVA,NEU28_FOR,M,134873,131187,126567,123834,122099,119834,,,,
Malta,MLT,NEU28_FOR,M,12266,15493,17160,20296,27812,39282,,,,
Netherlands,NLD,NEU28_FOR,M,160909,177456,204077,222104,239892,261471,,,,
Norway,NOR,NEU28_FOR,M,84117,89916,98709,101387,105600,,,,,
Poland,POL,NEU28_FOR,M,37314,67154,101585,116037,145741,182735,,,,
Portugal,PRT,NEU28_FOR,M,126145,120730,118191,118257,135413,167511,,,,
Romania,ROU,NEU28_FOR,M,33009,35809,36381,34653,36705,48468,,,,
Sweden,SWE,NEU28_FOR,M,217383,237175,273258,296329,314845,318499,,,,
Slovenia,SVN,NEU28_FOR,M,56426,59349,62432,66508,77838,90594,,,,
Slovakia,SVK,NEU28_FOR,M,6972,7475,7919,8329,8805,9285,,,,
Turkey,TUR,NEU28_FOR,M,181479,241274,325739,384279,530128,694096,,,,
Austria,AUT,NEU28_FOR,T,566370,639645,673207,687452,692473,700601,,,,
Belgium,BEL,NEU28_FOR,T,419822,450827,455108,462435,478327,496596,,,,
Switzerland,CHE,NEU28_FOR,T,674074,689304,716052,727066,734172,742749,,,,
Cyprus,CYP,NEU28_FOR,T,38242,30479,29738,34632,37810,42204,,,,
Czechia,CZE,NEU28_FOR,T,272993,280907,302579,296072,324947,341646,,,,
Germany,DEU,NEU28_FOR,T,4055321,4840650,5223701,5462268,5694104,5932244,,,,
Denmark,DNK,NEU28_FOR,T,244380,267192,274990,284537,292993,298005,,,,
Estonia,EST,NEU28_FOR,T,183276,182266,179888,178270,178267,178791,,,,
Spain,ESP,NEU28_FOR,T,2558328,2553989,2571062,2740182,2993640,3344102,,,,
Finland,FIN,NEU28_FOR,T,127792,133136,143757,148491,155056,163756,,,,
France,FRA,NEU28_FOR,T,2932149,3021074,3049039,3381026,3465140,3599935,,,,
Croatia,HRV,NEU28_FOR,T,16449,16463,16401,16462,16632,17565,,,,
Hungary,HUN,NEU28_FOR,T,64821,71062,71414,83418,106145,118534,,,,
Ireland,IRL,NEU28_FOR,T,117015,124709,142157,159721,182846,208335,,,,
Iceland,ISL,NEU28_FOR,T,4368,4535,5040,5812,6710,7713,,,,
Italy,ITA,NEU28_FOR,T,3438718,3366453,3341238,3393850,3494871,3534578,,,,
Liechtenstein,LIE,NEU28_FOR,T,6028,6084,6056,6095,6137,6257,,,,
Lithuania,LTU,NEU28_FOR,T,16910,16347,16297,16875,18235,18719,,,,
Luxembourg,LUX,NEU28_FOR,T,36429,39618,40795,43438,45030,48210,,,,
Latvia,LVA,NEU28_FOR,T,291440,282792,273333,266167,260028,253658,,,,
Malta,MLT,NEU28_FOR,T,20735,26453,29909,34022,47329,63657,,,,
Netherlands,NLD,NEU28_FOR,T,338773,367744,413401,451197,487514,529730,,,,
Norway,NOR,NEU28_FOR,T,182236,192577,207419,211442,221353,,,,,
Poland,POL,NEU28_FOR,T,76595,123926,180334,208574,257507,321042,,,,
Portugal,PRT,NEU28_FOR,T,267152,256251,252465,251575,283478,341077,,,,
Romania,ROU,NEU28_FOR,T,54687,58858,60476,57250,60518,75911,,,,
Sweden,SWE,NEU28_FOR,T,416246,447664,505332,543921,578398,587951,,,,
Slovenia,SVN,NEU28_FOR,T,84367,90169,95718,102335,117493,134828,,,,
Slovakia,SVK,NEU28_FOR,T,13064,13901,14687,15439,16313,17132,,,,
Turkey,TUR,NEU28_FOR,T,383710,504904,666922,780232,1061882,1357686,,,,
Austria,AUT,STLS,F,1046,1475,1739,1799,1771,1712,1703,1727,1799,1827
Belgium,BEL,STLS,F,233,249,289,308,372,366,348,300,276,270
Bulgaria,BGR,STLS,F,,,,,,,,,233,231
Switzerland,CHE,STLS,F,101,130,154,165,159,167,201,215,260,316
Cyprus,CYP,STLS,F,0,0,0,0,0,0,0,0,0,0
Czechia,CZE,STLS,F,0,0,0,0,0,0,87,80,79,68
Germany,DEU,STLS,F,3436,3773,4031,4290,4355,4367,4413,4467,8382,7839
Denmark,DNK,STLS,F,2250,2893,3396,3569,3761,3921,3892,3915,3870,3875
Estonia,EST,STLS,F,0,0,0,0,0,0,0,0,0,0
Spain,ESP,STLS,F,523,586,703,803,990,1122,1230,1414,1629,1800
Finland,FIN,STLS,F,341,363,429,467,496,517,532,537,527,513
France,FRA,STLS,F,0,0,0,0,0,0,0,0,0,0
Croatia,HRV,STLS,F,331,313,289,278,259,243,217,217,217,217
Hungary,HUN,STLS,F,49,58,49,36,35,38,40,34,32,35
Ireland,IRL,STLS,F,1211,1558,224,229,264,251,316,332,368,424
Iceland,ISL,STLS,F,53,47,35,31,20,18,0,0,0,0
Italy,ITA,STLS,F,215,440,391,201,274,258,211,293,298,201
Liechtenstein,LIE,STLS,F,0,1,0,0,0,0,0,0,0,0
Lithuania,LTU,STLS,F,506,454,422,379,324,305,941,923,856,820
Luxembourg,LUX,STLS,F,33,29,72,76,77,80,82,75,72,65
Latvia,LVA,STLS,F,88,84,86,85,81,80,70,69,71,73
Malta,MLT,STLS,F,0,0,0,0,0,0,0,0,0,0
Netherlands,NLD,STLS,F,1373,3334,5059,6363,5799,3969,2644,2255,2150,1932
Norway,NOR,STLS,F,796,1028,1332,1382,1241,1015,838,769,830,844
Poland,POL,STLS,F,759,271,261,267,273,273,297,296,296,287
Portugal,PRT,STLS,F,4,0,0,12,11,14,14,11,9,5
Romania,ROU,STLS,F,111,115,120,115,107,93,97,,112,112
Sweden,SWE,STLS,F,8080,9122,10720,10382,8934,7993,6577,5256,4165,3571
Slovenia,SVN,STLS,F,0,0,0,0,0,0,0,0,0,0
Slovakia,SVK,STLS,F,548,548,547,546,546,546,546,3,3,3
Turkey,TUR,STLS,F,75,30,50,82,128,152,,,178,161
Austria,AUT,STLS,M,2022,2667,2769,2717,2652,2543,2589,2764,2942,2952
Belgium,BEL,STLS,M,412,467,573,621,674,653,617,492,443,422
Bulgaria,BGR,STLS,M,,,,,,,,,330,337
Switzerland,CHE,STLS,M,159,209,254,296,306,316,339,363,457,554
Cyprus,CYP,STLS,M,0,0,0,0,0,0,0,0,0,0
Czechia,CZE,STLS,M,0,0,0,0,0,0,186,177,176,164
Germany,DEU,STLS,M,5525,6491,7092,7116,7139,6993,6947,6688,12090,11044
Denmark,DNK,STLS,M,2667,3628,4162,4363,4517,4700,4664,4696,4671,4653
Estonia,EST,STLS,M,0,0,0,0,0,0,0,0,0,0
Spain,ESP,STLS,M,828,937,1090,1271,1547,1752,1882,2160,2375,2570
Finland,FIN,STLS,M,492,523,606,678,717,734,741,746,758,800
France,FRA,STLS,M,0,0,0,0,0,0,0,0,0,0
Croatia,HRV,STLS,M,364,361,365,358,351,353,342,341,341,341
Hungary,HUN,STLS,M,99,103,97,97,79,75,81,77,69,65
Ireland,IRL,STLS,M,1358,1799,185,253,255,279,304,329,391,397
Iceland,ISL,STLS,M,78,76,50,38,28,34,0,0,0,0
Italy,ITA,STLS,M,231,439,420,227,309,280,221,328,345,288
Liechtenstein,LIE,STLS,M,2,2,0,0,0,0,0,0,0,0
Lithuania,LTU,STLS,M,428,272,239,210,204,198,1266,1207,1119,1058
Luxembourg,LUX,STLS,M,25,22,89,95,105,108,110,109,104,93
Latvia,LVA,STLS,M,100,96,90,87,83,77,66,69,69,69
Malta,MLT,STLS,M,0,0,0,0,0,0,0,0,0,0
Netherlands,NLD,STLS,M,2208,5003,7418,8254,7070,4499,3283,3028,2999,2815
Norway,NOR,STLS,M,1071,1397,1761,1725,1397,1103,870,776,824,782
Poland,POL,STLS,M,963,298,286,291,327,326,339,339,335,331
Portugal,PRT,STLS,M,7,0,0,19,19,19,16,11,11,6
Romania,ROU,STLS,M,170,184,199,195,209,180,171,,182,184
Sweden,SWE,STLS,M,10921,12458,14595,13273,10848,9506,7858,6722,5821,5011
Slovenia,SVN,STLS,M,0,0,0,0,0,0,0,0,0,0
Slovakia,SVK,STLS,M,952,951,950,949,949,947,947,2,2,2
Turkey,TUR,STLS,M,116,52,82,88,192,242,,,261,254
Austria,AUT,STLS,T,3068,4142,4508,4516,4423,4255,4292,4491,4741,4779
Belgium,BEL,STLS,T,645,716,862,929,1046,1019,965,792,719,692
Bulgaria,BGR,STLS,T,,,,,,,,,563,568
Switzerland,CHE,STLS,T,260,339,408,461,465,483,540,578,717,870
Cyprus,CYP,STLS,T,0,0,0,0,0,0,0,0,0,0
Czechia,CZE,STLS,T,0,0,0,0,0,0,273,257,255,232
Germany,DEU,STLS,T,8961,10264,11123,11406,11494,11360,11360,11155,20472,18883
Denmark,DNK,STLS,T,4917,6521,7558,7932,8278,8621,8556,8611,8541,8528
Estonia,EST,STLS,T,0,0,0,0,0,0,0,0,0,0
Spain,ESP,STLS,T,1351,1523,1793,2074,2537,2874,3112,3574,4004,4370
Finland,FIN,STLS,T,833,886,1035,1145,1213,1251,1273,1283,1285,1313
France,FRA,STLS,T,0,0,0,0,0,0,0,0,0,0
Croatia,HRV,STLS,T,695,674,654,636,610,596,559,558,558,558
Hungary,HUN,STLS,T,148,161,146,133,114,113,121,111,101,100
Ireland,IRL,STLS,T,2569,3357,409,482,519,530,620,661,759,821
Iceland,ISL,STLS,T,131,123,85,69,48,52,0,0,0,0
Italy,ITA,STLS,T,446,879,811,428,583,538,432,621,643,489
Liechtenstein,LIE,STLS,T,2,3,0,0,0,0,0,0,0,0
Lithuania,LTU,STLS,T,934,726,661,589,528,503,2207,2130,1975,1878
Luxembourg,LUX,STLS,T,58,51,161,171,182,188,192,184,176,158
Latvia,LVA,STLS,T,188,180,176,172,164,157,136,138,140,142
Malta,MLT,STLS,T,0,0,0,0,0,0,0,0,0,0
Netherlands,NLD,STLS,T,3581,8337,12477,14617,12869,8468,5927,5283,5149,4747
Norway,NOR,STLS,T,1867,2425,3093,3107,2638,2118,1708,1545,1654,1626
Poland,POL,STLS,T,1722,569,547,558,600,599,636,635,631,618
Portugal,PRT,STLS,T,11,0,0,31,30,33,30,22,20,11
Romania,ROU,STLS,T,281,299,319,310,316,273,268,,294,296
Sweden,SWE,STLS,T,19001,21580,25315,23655,19782,17499,14435,11978,9986,8582
Slovenia,SVN,STLS,T,0,0,0,0,0,0,0,0,0,0
Slovakia,SVK,STLS,T,1500,1499,1497,1495,1495,1493,1493,5,5,5
Turkey,TUR,STLS,T,191,82,132,170,320,394,,,439,415
Albania,ALB,TOTAL,F,,,,,,,,1406532,,
Armenia,ARM,TOTAL,F,,,,,,,,,,1577675
Austria,AUT,TOTAL,F,4384529,4427918,4460424,4483749,4501742,4522292,4535712,4553444,4619957,4643918
Belgium,BEL,TOTAL,F,5713206,5741853,5762455,5784371,5810693,5841215,5854293,5883978,5946649,5981093
Bulgaria,BGR,TOTAL,F,3621883,3578998,3537549,3494184,3450251,3405861,3389807,3364303,3348207,3347783
Switzerland,CHE,TOTAL,F,4163786,4205655,4246113,4277696,4307406,4337170,4367701,4400588,4435432,4510726
Cyprus,CYP,TOTAL,F,435183,435627,438139,442728,448068,453534,458357,463622,483955,490771
Czechia,CZE,TOTAL,F,5361348,5367513,5378133,5390264,5405606,5421943,5323934,5332932,5519006,5557945
Germany,DEU,TOTAL,F,41362080,41661561,41824535,41948786,42052522,42129098,42128512,42170339,42198796,42294114
Denmark,DNK,TOTAL,F,2848701,2869364,2888591,2904717,2917008,2925845,2935188,2950505,2983655,2997558
Estonia,EST,TOTAL,F,700166,699236,698097,698049,699185,699699,699153,698381,718518,723074
Spain,ESP,TOTAL,F,23603001,23612439,23666286,23755470,23902168,24107382,24152187,24198046,24519768,24792824
Finland,FIN,TOTAL,F,2779890,2785818,2790970,2793999,2794629,2797030,2799985,2805140,2810493,2829953
France,FRA,TOTAL,F,34283895,34391005,34495464,34611994,34739132,34828670,34946473,35109077,35188809,35271283
Georgia,GEO,TOTAL,F,,,,,,,,,,1920139
Croatia,HRV,TOTAL,F,2170159,2146424,2122085,2090961,2064873,2041528,2019003,2000012,1989028,1986557
Hungary,HUN,TOTAL,F,5128422,5101174,5076104,5054972,5039416,5025500,5004102,4981528,4974484,4961249
Ireland,IRL,TOTAL,F,2364285,2387145,2424201,2451343,2493497,2530888,2557709,2604045,2666848,2708306
Iceland,ISL,TOTAL,F,163914,165259,167316,170850,174154,177193,179749,183153,187800,187015
Italy,ITA,TOTAL,F,31067182,30970668,30888080,30781300,30685478,30591392,30369987,30211177,30182369,30124502
Liechtenstein,LIE,TOTAL,F,18813,18962,19064,19224,19353,19532,19687,19812,19989,20156
Lithuania,LTU,TOTAL,F,1580254,1563839,1544399,1526156,1517016,1510500,1505796,1499399,1521463,1519986
Luxembourg,LUX,TOTAL,F,280986,287056,294026,299425,305174,311144,315274,320333,328365,333776
Latvia,LVA,TOTAL,F,1074889,1064658,1054433,1044738,1035059,1026719,1017998,1006700,1010687,1003142
"Moldova, Republic of",MDA,TOTAL,F,,,,,,,,,,1293798
Montenegro,MNE,TOTAL,F,,,,,,,,312509,,316854
North Macedonia,MKD,TOTAL,F,,,,,,,,926099,,
Malta,MLT,TOTAL,F,218310,223127,227632,234099,240787,248296,248511,249705,257230,264697
Netherlands,NLD,TOTAL,F,8527868,8561985,8606405,8654043,8701077,8759554,8788879,8845204,8960982,9022174
Norway,NOR,TOTAL,F,2566978,2588874,2609187,2627248,2643139,2661018,2672110,2687938,2723514,2754489
Poland,POL,TOTAL,F,19608451,19590169,19595127,19596388,19592436,19584757,19131216,19043758,18980357,18914999
Portugal,PRT,TOTAL,F,5460453,5449089,5436542,5433139,5434882,5448405,5451426,5453855,5495973,5556158
Romania,ROU,TOTAL,F,10163573,10110852,10041869,9978614,9914008,9868177,9814072,,9790587,9796206
Serbia,SRB,TOTAL,F,,,,,,,,3489070,,3392796
Sweden,SWE,TOTAL,F,4875115,4920051,4981806,5037580,5087747,5131775,5156448,5191619,5223232,5239188
Slovenia,SVN,TOTAL,F,1040645,1040855,1040770,1039839,1042252,1044795,1049039,1049485,1053701,1055520
Slovakia,SVK,TOTAL,F,2779021,2780170,2783659,2786606,2789344,2792523,2793295,2776809,2773698,2771470
Turkey,TUR,TOTAL,F,38711602,39229862,39771221,40275390,40863902,41433861,,,42575441,42638306
Ukraine,UKR,TOTAL,F,,,,,,,22223341,21990719,,
Albania,ALB,TOTAL,M,,,,,,,,1387060,,
Armenia,ARM,TOTAL,M,,,,,,,,,,1413526
Austria,AUT,TOTAL,M,4200397,4272553,4312441,4338518,4357033,4378772,4396952,4425485,4484815,4514832
Belgium,BEL,TOTAL,M,5524068,5569264,5589272,5614218,5644826,5681225,5700474,5733645,5796147,5836003
Bulgaria,BGR,TOTAL,M,3407807,3359761,3311969,3263234,3213926,3163414,3142310,3118181,3099503,3097698
Switzerland,CHE,TOTAL,M,4073880,4121471,4173437,4206434,4237121,4268863,4302599,4338203,4379953,4451532
Cyprus,CYP,TOTAL,M,411825,412692,416663,421508,427831,434471,437650,441083,465129,475594
Czechia,CZE,TOTAL,M,5176927,5186330,5200687,5219791,5244194,5271996,5170902,5183775,5308523,5342610
Germany,DEU,TOTAL,M,39835457,40514123,40697118,40843565,40966691,41037613,41026519,41066785,40919705,41161931
Denmark,DNK,TOTAL,M,2811014,2837887,2860178,2876473,2889073,2896918,2904857,2922915,2948999,2963691
Estonia,EST,TOTAL,M,614704,616708,617538,621084,625635,629277,630915,633415,647366,651613
Spain,ESP,TOTAL,M,22822721,22806445,22831107,22889600,23016783,23210668,23248611,23288797,23565593,23826871
Finland,FIN,TOTAL,M,2691863,2701490,2712327,2719131,2723290,2728262,2733808,2743101,2753477,2773898
France,FRA,TOTAL,M,32174258,32247386,32314352,32414230,32551339,32644981,32782095,32982626,33088401,33196079
Georgia,GEO,TOTAL,M,,,,,,,,,,1774469
Croatia,HRV,TOTAL,M,2010756,1984691,1956684,1923380,1903803,1891983,1874023,1862293,1861866,1875410
Hungary,HUN,TOTAL,M,4687436,4678478,4663753,4658683,4660856,4663876,4647359,4628875,4625260,4623378
Ireland,IRL,TOTAL,M,2313342,2339141,2374956,2404390,2446814,2481712,2509184,2550232,2604547,2643375
Iceland,ISL,TOTAL,M,165186,167270,171033,177600,182837,186941,189043,193095,199958,196552
Italy,ITA,TOTAL,M,29228315,29193044,29178654,29156469,29131195,29050096,28866226,28818956,28814832,28846728
Liechtenstein,LIE,TOTAL,M,18553,18660,18746,18890,19025,19215,19368,19496,19688,19859
Lithuania,LTU,TOTAL,M,1346390,1331734,1314678,1300044,1295184,1299477,1304965,1306599,1335816,1365905
Luxembourg,LUX,TOTAL,M,281972,289193,296641,302580,308720,314964,319456,325064,332444,338274
Latvia,LVA,TOTAL,M,911207,904299,895683,889641,884909,880956,875225,869057,872321,868740
"Moldova, Republic of",MDA,TOTAL,M,,,,,,,,,,1129489
Montenegro,MNE,TOTAL,M,,,,,,,,305174,,306826
North Macedonia,MKD,TOTAL,M,,,,,,,,911015,,
Malta,MLT,TOTAL,M,220495,226508,231743,240738,252181,266559,267614,270469,284821,298746
Netherlands,NLD,TOTAL,M,8372858,8417135,8475102,8527041,8581086,8648031,8686536,8745468,8850309,8920768
Norway,NOR,TOTAL,M,2598824,2625111,2649130,2668371,2685073,2706562,2719259,2737332,2765470,2795728
Poland,POL,TOTAL,M,18397163,18377040,18377837,18380299,18380376,18373381,17942141,17846003,17773379,17705971
Portugal,PRT,TOTAL,M,4934668,4919465,4907936,4902631,4898614,4926990,4942871,4967262,5020648,5083568
Romania,ROU,TOTAL,M,9707074,9649733,9602080,9554867,9500450,9460661,9387590,,9263961,9271370
Serbia,SRB,TOTAL,M,,,,,,,,3308035,,3212372
Sweden,SWE,TOTAL,M,4872240,4930966,5013347,5082662,5142438,5195814,5222847,5260707,5298324,5312519
Slovenia,SVN,TOTAL,M,1022229,1023333,1025125,1027041,1038656,1051066,1059938,1057695,1063271,1068429
Slovakia,SVK,TOTAL,M,2642328,2646082,2651684,2656514,2661077,2665350,2666486,2657903,2655094,2653217
Turkey,TUR,TOTAL,M,38984302,39511191,40043650,40535135,41139980,41721136,,,42704112,42734071
Ukraine,UKR,TOTAL,M,,,,,,,19195376,19006979,,
Albania,ALB,TOTAL,T,,,,,,,,2793592,,
Armenia,ARM,TOTAL,T,,,,,,,,,,2991201
Austria,AUT,TOTAL,T,8584926,8700471,8772865,8822267,8858775,8901064,8932664,8978929,9104772,9158750
Belgium,BEL,TOTAL,T,11237274,11311117,11351727,11398589,11455519,11522440,11554767,11617623,11742796,11817096
Bulgaria,BGR,TOTAL,T,7029690,6938759,6849518,6757418,6664177,6569275,6532117,6482484,6447710,6445481
Switzerland,CHE,TOTAL,T,8237666,8327126,8419550,8484130,8544527,8606033,8670300,8738791,8815385,8962258
Cyprus,CYP,TOTAL,T,847008,848319,854802,864236,875899,888005,896007,904705,949084,966365
Czechia,CZE,TOTAL,T,10538275,10553843,10578820,10610055,10649800,10693939,10494836,10516707,10827529,10900555
Germany,DEU,TOTAL,T,81197537,82175684,82521653,82792351,83019213,83166711,83155031,83237124,83118501,83456045
Denmark,DNK,TOTAL,T,5659715,5707251,5748769,5781190,5806081,5822763,5840045,5873420,5932654,5961249
Estonia,EST,TOTAL,T,1314870,1315944,1315635,1319133,1324820,1328976,1330068,1331796,1365884,1374687
Spain,ESP,TOTAL,T,46425722,46418884,46497393,46645070,46918951,47318050,47400798,47486843,48085361,48619695
Finland,FIN,TOTAL,T,5471753,5487308,5503297,5513130,5517919,5525292,5533793,5548241,5563970,5603851
France,FRA,TOTAL,T,66458153,66638391,66809816,67026224,67290471,67473651,67728568,68091703,68277210,68467362
Georgia,GEO,TOTAL,T,,,,,,,,,,3694608
Croatia,HRV,TOTAL,T,4180915,4131115,4078769,4014341,3968676,3933511,3893026,3862305,3850894,3861967
Hungary,HUN,TOTAL,T,9815858,9779652,9739857,9713655,9700272,9689376,9651461,9610403,9599744,9584627
Ireland,IRL,TOTAL,T,4677627,4726286,4799157,4855733,4940311,5012600,5066893,5154277,5271395,5351681
Iceland,ISL,TOTAL,T,329100,332529,338349,348450,356991,364134,368792,376248,387758,383567
Italy,ITA,TOTAL,T,60295497,60163712,60066734,59937769,59816673,59641488,59236213,59030133,58997201,58971230
Liechtenstein,LIE,TOTAL,T,37366,37622,37810,38114,38378,38747,39055,39308,39677,40015
Lithuania,LTU,TOTAL,T,2926644,2895573,2859077,2826200,2812200,2809977,2810761,2805998,2857279,2885891
Luxembourg,LUX,TOTAL,T,562958,576249,590667,602005,613894,626108,634730,645397,660809,672050
Latvia,LVA,TOTAL,T,1986096,1968957,1950116,1934379,1919968,1907675,1893223,1875757,1883008,1871882
"Moldova, Republic of",MDA,TOTAL,T,,,,,,,,,,2423287
Montenegro,MNE,TOTAL,T,,,,,,,,617683,,623680
North Macedonia,MKD,TOTAL,T,,,,,,,,1837114,,
Malta,MLT,TOTAL,T,438805,449635,459375,474837,492968,514855,516125,520174,542051,563443
Netherlands,NLD,TOTAL,T,16900726,16979120,17081507,17181084,17282163,17407585,17475415,17590672,17811291,17942942
Norway,NOR,TOTAL,T,5165802,5213985,5258317,5295619,5328212,5367580,5391369,5425270,5488984,5550217
Poland,POL,TOTAL,T,38005614,37967209,37972964,37976687,37972812,37958138,37073357,36889761,36753736,36620970
Portugal,PRT,TOTAL,T,10395121,10368554,10344478,10335770,10333496,10375395,10394297,10421117,10516621,10639726
Romania,ROU,TOTAL,T,19870647,19760585,19643949,19533481,19414458,19328838,19201662,,19054548,19067576
Serbia,SRB,TOTAL,T,,,,,,,,6797105,,6605168
Sweden,SWE,TOTAL,T,9747355,9851017,9995153,10120242,10230185,10327589,10379295,10452326,10521556,10551707
Slovenia,SVN,TOTAL,T,2062874,2064188,2065895,2066880,2080908,2095861,2108977,2107180,2116972,2123949
Slovakia,SVK,TOTAL,T,5421349,5426252,5435343,5443120,5450421,5457873,5459781,5434712,5428792,5424687
Turkey,TUR,TOTAL,T,77695904,78741053,79814871,80810525,82003882,83154997,,,85279553,85372377
Ukraine,UKR,TOTAL,T,,,,,,,41418717,40997698,,
Austria,AUT,UNK,F,3017,3485,4078,4743,5665,6129,6611,6936,7261,7676
Belgium,BEL,UNK,F,1959,2635,3450,4962,6465,7638,11678,12211,12534,11304
Bulgaria,BGR,UNK,F,1307,2233,2804,3587,4548,6112,7306,883,884,1974
Switzerland,CHE,UNK,F,530,631,767,779,828,857,825,792,731,730
Cyprus,CYP,UNK,F,3431,3423,3374,791,0,0,0,0,0,0
Czechia,CZE,UNK,F,0,0,1,1,0,0,0,0,0,0
Germany,DEU,UNK,F,0,0,0,0,0,0,0,0,0,0
Denmark,DNK,UNK,F,24,23,20,24,19,18,19,17,18,17
Estonia,EST,UNK,F,33,284,69,145,177,252,233,186,213,338
Spain,ESP,UNK,F,0,0,0,0,0,0,0,0,0,0
Finland,FIN,UNK,F,310,601,626,620,590,608,651,728,660,636
France,FRA,UNK,F,0,0,0,0,0,0,0,0,0,0
Croatia,HRV,UNK,F,844,729,612,486,358,248,98,90,97,106
Hungary,HUN,UNK,F,112,116,120,124,116,114,117,110,93,85
Ireland,IRL,UNK,F,0,0,0,0,0,0,0,0,0,0
Iceland,ISL,UNK,F,0,0,0,0,0,0,16,13,12,9
Italy,ITA,UNK,F,0,0,0,0,0,0,0,0,0,0
Liechtenstein,LIE,UNK,F,0,0,0,0,0,0,0,0,0,0
Lithuania,LTU,UNK,F,715,674,650,586,548,538,0,0,0,0
Luxembourg,LUX,UNK,F,0,0,121,109,102,89,77,72,71,62
Latvia,LVA,UNK,F,0,0,0,0,0,0,0,0,0,0
Malta,MLT,UNK,F,0,0,0,0,0,0,0,0,0,0
Netherlands,NLD,UNK,F,32137,28509,24498,20798,17713,15390,12745,10506,8740,7740
Norway,NOR,UNK,F,57,60,72,80,77,67,20,23,20,25
Poland,POL,UNK,F,1319,1193,1159,1139,0,0,1403,1395,1441,1384
Portugal,PRT,UNK,F,0,0,0,0,0,0,0,0,0,0
Romania,ROU,UNK,F,3,4,10,9,29,38,12,,0,489
Sweden,SWE,UNK,F,3508,4200,4747,5092,5354,5705,5890,5707,4997,4429
Slovenia,SVN,UNK,F,0,0,0,0,0,0,0,0,0,0
Slovakia,SVK,UNK,F,0,0,0,0,0,0,0,1214,1205,1256
Turkey,TUR,UNK,F,1142,788,587,73,32,34,,,116,47
Austria,AUT,UNK,M,3325,4001,4613,5314,6153,6641,7089,7457,7861,8309
Belgium,BEL,UNK,M,2193,3187,3967,5400,7047,8101,13142,13759,14060,12794
Bulgaria,BGR,UNK,M,1196,1923,2317,2750,3382,4806,6040,669,664,1601
Switzerland,CHE,UNK,M,750,836,1060,1073,1066,1089,1099,1046,947,974
Cyprus,CYP,UNK,M,4239,4239,4199,806,0,0,0,0,0,0
Czechia,CZE,UNK,M,2,1,1,0,0,0,0,0,0,0
Germany,DEU,UNK,M,0,0,0,0,0,0,0,0,0,0
Denmark,DNK,UNK,M,43,36,32,34,30,33,32,26,31,33
Estonia,EST,UNK,M,39,329,76,158,195,491,569,508,527,559
Spain,ESP,UNK,M,0,0,0,0,0,0,0,0,0,0
Finland,FIN,UNK,M,562,940,1010,984,956,942,1049,1098,1034,992
France,FRA,UNK,M,0,0,0,0,0,0,0,0,0,0
Croatia,HRV,UNK,M,813,705,604,480,351,214,88,83,88,100
Hungary,HUN,UNK,M,129,124,127,136,132,136,134,116,101,105
Ireland,IRL,UNK,M,0,0,0,0,0,0,0,0,0,0
Iceland,ISL,UNK,M,0,0,0,0,1,2,34,30,32,25
Italy,ITA,UNK,M,0,0,0,0,0,0,0,0,0,0
Liechtenstein,LIE,UNK,M,0,0,0,0,0,0,0,0,0,0
Lithuania,LTU,UNK,M,530,477,489,473,432,400,0,0,0,0
Luxembourg,LUX,UNK,M,0,0,130,116,97,100,102,87,94,85
Latvia,LVA,UNK,M,0,0,0,0,0,0,0,1,1,1
Malta,MLT,UNK,M,0,0,0,0,0,0,0,0,0,0
Netherlands,NLD,UNK,M,41844,37206,32803,28567,25039,22089,18840,15728,13748,12484
Norway,NOR,UNK,M,73,76,87,95,94,87,22,23,23,30
Poland,POL,UNK,M,4965,4754,4753,4712,0,0,1460,1454,1441,1432
Portugal,PRT,UNK,M,0,0,0,0,0,0,0,0,0,0
Romania,ROU,UNK,M,25,44,55,52,148,265,65,,1,761
Sweden,SWE,UNK,M,4712,5401,6037,6405,6768,7101,7179,6926,6054,5327
Slovenia,SVN,UNK,M,0,0,0,0,0,0,0,0,0,0
Slovakia,SVK,UNK,M,0,0,0,0,0,0,0,1710,1700,1743
Turkey,TUR,UNK,M,524,578,546,92,76,77,,,121,86
Austria,AUT,UNK,T,6342,7486,8691,10057,11818,12770,13700,14393,15122,15985
Belgium,BEL,UNK,T,4152,5822,7417,10362,13512,15739,24820,25970,26594,24098
Bulgaria,BGR,UNK,T,2503,4156,5121,6337,7930,10918,13346,1552,1548,3575
Switzerland,CHE,UNK,T,1280,1467,1827,1852,1894,1946,1924,1838,1678,1704
Cyprus,CYP,UNK,T,7670,7662,7573,1597,0,0,0,0,0,0
Czechia,CZE,UNK,T,2,1,2,1,0,0,0,0,0,0
Germany,DEU,UNK,T,0,0,0,0,0,0,0,0,0,0
Denmark,DNK,UNK,T,67,59,52,58,49,51,51,43,49,50
Estonia,EST,UNK,T,72,613,145,303,372,743,802,694,740,897
Spain,ESP,UNK,T,0,0,0,0,0,0,0,0,0,0
Finland,FIN,UNK,T,872,1541,1636,1604,1546,1550,1700,1826,1694,1628
France,FRA,UNK,T,0,0,0,0,0,0,0,0,0,0
Croatia,HRV,UNK,T,1657,1434,1216,966,709,462,186,173,185,206
Hungary,HUN,UNK,T,241,240,247,260,248,250,251,226,194,190
Ireland,IRL,UNK,T,0,0,0,0,0,0,0,0,0,0
Iceland,ISL,UNK,T,0,0,0,0,1,2,50,43,44,34
Italy,ITA,UNK,T,0,0,0,0,0,0,0,0,0,0
Liechtenstein,LIE,UNK,T,0,0,0,0,0,0,0,0,0,0
Lithuania,LTU,UNK,T,1245,1151,1139,1059,980,938,0,0,0,0
Luxembourg,LUX,UNK,T,0,0,251,225,199,189,179,159,165,147
Latvia,LVA,UNK,T,0,0,0,0,0,0,0,1,1,1
Malta,MLT,UNK,T,0,0,0,0,0,0,0,0,0,0
Netherlands,NLD,UNK,T,73981,65715,57301,49365,42752,37479,31585,26234,22488,20224
Norway,NOR,UNK,T,130,136,159,175,171,154,42,46,43,55
Poland,POL,UNK,T,6284,5947,5912,5851,0,0,2863,2849,2882,2816
Portugal,PRT,UNK,T,0,0,0,0,0,0,0,0,0,0
Romania,ROU,UNK,T,28,48,65,61,177,303,77,,1,1250
Sweden,SWE,UNK,T,8220,9601,10784,11497,12122,12806,13069,12633,11051,9756
Slovenia,SVN,UNK,T,0,0,0,0,0,0,0,0,0,0
Slovakia,SVK,UNK,T,0,0,0,0,0,0,0,2924,2905,2999
Turkey,TUR,UNK,T,1666,1366,1133,165,108,111,,,237,133
